{
  "LID": {
    "FGSM": {
      "TPR": 0.998,
      "TPR_CI_95": [
        0.9888,
        0.9996
      ],
      "FPR": 0.088,
      "FPR_CI_95": [
        0.0662,
        0.1161
      ],
      "Precision": 0.919,
      "F1": 0.9569,
      "TP": 499,
      "FP": 44,
      "FN": 1,
      "TN": 456,
      "n_adv": 500,
      "n_clean": 500
    },
    "PGD": {
      "TPR": 1.0,
      "TPR_CI_95": [
        0.9924,
        1.0
      ],
      "FPR": 0.088,
      "FPR_CI_95": [
        0.0662,
        0.1161
      ],
      "Precision": 0.9191,
      "F1": 0.9579,
      "TP": 500,
      "FP": 44,
      "FN": 0,
      "TN": 456,
      "n_adv": 500,
      "n_clean": 500
    },
    "Square": {
      "TPR": 0.99,
      "TPR_CI_95": [
        0.9768,
        0.9957
      ],
      "FPR": 0.088,
      "FPR_CI_95": [
        0.0662,
        0.1161
      ],
      "Precision": 0.9184,
      "F1": 0.9528,
      "TP": 495,
      "FP": 44,
      "FN": 5,
      "TN": 456,
      "n_adv": 500,
      "n_clean": 500
    }
  },
  "Mahalanobis": {
    "FGSM": {
      "TPR": 1.0,
      "TPR_CI_95": [
        0.9924,
        1.0
      ],
      "FPR": 0.104,
      "FPR_CI_95": [
        0.0802,
        0.1338
      ],
      "Precision": 0.9058,
      "F1": 0.9506,
      "TP": 500,
      "FP": 52,
      "FN": 0,
      "TN": 448,
      "n_adv": 500,
      "n_clean": 500
    },
    "PGD": {
      "TPR": 1.0,
      "TPR_CI_95": [
        0.9924,
        1.0
      ],
      "FPR": 0.104,
      "FPR_CI_95": [
        0.0802,
        0.1338
      ],
      "Precision": 0.9058,
      "F1": 0.9506,
      "TP": 500,
      "FP": 52,
      "FN": 0,
      "TN": 448,
      "n_adv": 500,
      "n_clean": 500
    },
    "Square": {
      "TPR": 0.99,
      "TPR_CI_95": [
        0.9768,
        0.9957
      ],
      "FPR": 0.104,
      "FPR_CI_95": [
        0.0802,
        0.1338
      ],
      "Precision": 0.9049,
      "F1": 0.9456,
      "TP": 495,
      "FP": 52,
      "FN": 5,
      "TN": 448,
      "n_adv": 500,
      "n_clean": 500
    }
  },
  "_meta": {
    "n_test": 500,
    "n_actual": 500,
    "n_ref": 1000,
    "n_thresh": 1000,
    "eval_split": "CIFAR-10 test idx 8000-9999",
    "ref_split": "CIFAR-10 test idx 5000-5999",
    "thresh_split": "CIFAR-10 test idx 6000-6999",
    "seed": 42,
    "device": "cuda",
    "attacks": [
      "FGSM",
      "PGD",
      "Square"
    ],
    "eps": 0.031373,
    "lid_k": 20,
    "lid_threshold": 26.980043,
    "maha_threshold": 1540.614322,
    "maha_label_source": "CIFAR-10 ground-truth labels (0-9), n_classes=10",
    "layer_names": [
      "layer2",
      "layer3",
      "layer4"
    ],
    "elapsed_s": 213.3,
    "references": {
      "LID": "Ma et al., 2018. Characterizing Adversarial Subspaces Using Local Intrinsic Dimensionality. ICLR 2018.",
      "Mahalanobis": "Lee et al., 2018. A Simple Unified Framework for Detecting Out-of-Distribution Samples and Adversarial Attacks. NeurIPS 2018."
    }
  }
}