{
  "n_val": 1000,
  "val_split": "CIFAR-10 test idx 7000-7999",
  "level_distribution": {
    "L1": 66,
    "PASS": 920,
    "L2": 13,
    "L3_REJECT": 1
  },
  "tiers": {
    "L1": {
      "FP": 80,
      "n": 1000,
      "FPR": 0.08,
      "CI_95": [
        0.064748,
        0.098467
      ],
      "target": 0.1,
      "passed": true
    },
    "L2": {
      "FP": 14,
      "n": 1000,
      "FPR": 0.014,
      "CI_95": [
        0.008357,
        0.023362
      ],
      "target": 0.03,
      "passed": true
    },
    "L3": {
      "FP": 1,
      "n": 1000,
      "FPR": 0.001,
      "CI_95": [
        0.000177,
        0.005643
      ],
      "target": 0.005,
      "passed": true
    }
  }
}