{
  "n_val": 1000,
  "val_split": "CIFAR-10 test idx 7000-7999",
  "level_distribution": {
    "PASS": 917,
    "L1": 57,
    "L2": 21,
    "L3_REJECT": 5
  },
  "tiers": {
    "L1": {
      "FP": 83,
      "n": 1000,
      "FPR": 0.083,
      "CI_95": [
        0.067455,
        0.101737
      ],
      "target": 0.1,
      "passed": true
    },
    "L2": {
      "FP": 26,
      "n": 1000,
      "FPR": 0.026,
      "CI_95": [
        0.017804,
        0.037824
      ],
      "target": 0.03,
      "passed": true
    },
    "L3": {
      "FP": 5,
      "n": 1000,
      "FPR": 0.005,
      "CI_95": [
        0.002138,
        0.011651
      ],
      "target": 0.005,
      "passed": true
    }
  }
}