{
  "n_val": 1000,
  "dataset": "cifar10",
  "val_split": "CIFAR10 test idx 7000-7999",
  "level_distribution": {
    "PASS": 926,
    "L1": 48,
    "L2": 23,
    "L3_REJECT": 3
  },
  "tiers": {
    "L1": {
      "FP": 74,
      "n": 1000,
      "FPR": 0.074,
      "CI_95": [
        0.059355,
        0.091906
      ],
      "target": 0.1,
      "passed": true
    },
    "L2": {
      "FP": 26,
      "n": 1000,
      "FPR": 0.026,
      "CI_95": [
        0.017804,
        0.037824
      ],
      "target": 0.03,
      "passed": true
    },
    "L3": {
      "FP": 3,
      "n": 1000,
      "FPR": 0.003,
      "CI_95": [
        0.001021,
        0.008783
      ],
      "target": 0.005,
      "passed": true
    }
  }
}