{
  "n_val": 1000,
  "val_split": "CIFAR-10 test idx 7000-7999",
  "level_distribution": {
    "L1": 56,
    "PASS": 929,
    "L2": 14,
    "L3_REJECT": 1
  },
  "tiers": {
    "L1": {
      "FP": 71,
      "n": 1000,
      "FPR": 0.071,
      "CI_95": [
        0.056669,
        0.088614
      ],
      "target": 0.1,
      "passed": true
    },
    "L2": {
      "FP": 15,
      "n": 1000,
      "FPR": 0.015,
      "CI_95": [
        0.009111,
        0.024601
      ],
      "target": 0.03,
      "passed": true
    },
    "L3": {
      "FP": 1,
      "n": 1000,
      "FPR": 0.001,
      "CI_95": [
        0.000177,
        0.005643
      ],
      "target": 0.005,
      "passed": true
    }
  }
}