{
  "n_val": 1000,
  "val_split": "CIFAR-10 test idx 7000-7999",
  "level_distribution": {
    "L1": 51,
    "PASS": 934,
    "L2": 13,
    "L3_REJECT": 2
  },
  "tiers": {
    "L1": {
      "FP": 66,
      "n": 1000,
      "FPR": 0.066,
      "CI_95": [
        0.052212,
        0.08311
      ],
      "target": 0.1,
      "passed": true
    },
    "L2": {
      "FP": 15,
      "n": 1000,
      "FPR": 0.015,
      "CI_95": [
        0.009111,
        0.024601
      ],
      "target": 0.03,
      "passed": true
    },
    "L3": {
      "FP": 2,
      "n": 1000,
      "FPR": 0.002,
      "CI_95": [
        0.000549,
        0.007263
      ],
      "target": 0.005,
      "passed": true
    }
  }
}