{
  "n_val": 1000,
  "val_split": "CIFAR-10 test idx 7000-7999",
  "level_distribution": {
    "L1": 68,
    "PASS": 918,
    "L2": 11,
    "L3_REJECT": 3
  },
  "tiers": {
    "L1": {
      "FP": 82,
      "n": 1000,
      "FPR": 0.082,
      "CI_95": [
        0.066552,
        0.100648
      ],
      "target": 0.1,
      "passed": true
    },
    "L2": {
      "FP": 14,
      "n": 1000,
      "FPR": 0.014,
      "CI_95": [
        0.008357,
        0.023362
      ],
      "target": 0.03,
      "passed": true
    },
    "L3": {
      "FP": 3,
      "n": 1000,
      "FPR": 0.003,
      "CI_95": [
        0.001021,
        0.008783
      ],
      "target": 0.005,
      "passed": true
    }
  }
}