{
  "n_val": 1000,
  "val_split": "CIFAR-10 test idx 7000-7999",
  "level_distribution": {
    "PASS": 981,
    "L1": 16,
    "L2": 3
  },
  "tiers": {
    "L1": {
      "FP": 19,
      "n": 1000,
      "FPR": 0.019,
      "CI_95": [
        0.012197,
        0.029485
      ],
      "target": 0.1,
      "passed": true
    },
    "L2": {
      "FP": 3,
      "n": 1000,
      "FPR": 0.003,
      "CI_95": [
        0.001021,
        0.008783
      ],
      "target": 0.03,
      "passed": true
    },
    "L3": {
      "FP": 0,
      "n": 1000,
      "FPR": 0.0,
      "CI_95": [
        0.0,
        0.003827
      ],
      "target": 0.005,
      "passed": true
    }
  }
}