{
  "n_val": 1000,
  "val_split": "CIFAR-10 test idx 7000-7999",
  "level_distribution": {
    "L1": 61,
    "PASS": 920,
    "L2": 16,
    "L3_REJECT": 3
  },
  "tiers": {
    "L1": {
      "FP": 80,
      "n": 1000,
      "FPR": 0.08,
      "CI_95": [
        0.064748,
        0.098467
      ],
      "target": 0.1,
      "passed": true
    },
    "L2": {
      "FP": 19,
      "n": 1000,
      "FPR": 0.019,
      "CI_95": [
        0.012197,
        0.029485
      ],
      "target": 0.03,
      "passed": true
    },
    "L3": {
      "FP": 3,
      "n": 1000,
      "FPR": 0.003,
      "CI_95": [
        0.001021,
        0.008783
      ],
      "target": 0.005,
      "passed": true
    }
  }
}