{
  "FGSM": {
    "TPR": 0.746,
    "TPR_CI_95": [
      0.7181,
      0.772
    ],
    "FPR": 0.093,
    "FPR_CI_95": [
      0.0765,
      0.1126
    ],
    "Precision": 0.8892,
    "F1": 0.8113,
    "TP": 746,
    "FP": 93,
    "FN": 254,
    "TN": 907,
    "n_adv": 1000,
    "n_clean": 1000,
    "per_tier_fpr": {
      "FPR_L1_plus": 0.093,
      "FPR_L2_plus": 0.026,
      "FPR_L3_plus": 0.003,
      "target_L1": 0.1,
      "target_L2": 0.03,
      "target_L3": 0.005,
      "pass_L1": true,
      "pass_L2": true,
      "pass_L3": true
    },
    "clean_level_distribution": {
      "PASS": 907,
      "L2": 23,
      "L1": 67,
      "L3_REJECT": 3
    },
    "adversarial_level_distribution": {
      "PASS": 254,
      "L1": 356,
      "L2": 364,
      "L3_REJECT": 26
    },
    "score_quantiles": {
      "clean": {
        "mean": 0.29627,
        "std": 1.757973,
        "min": -5.220567,
        "p05": -2.330823,
        "p25": -0.76109,
        "p50": 0.165115,
        "p75": 1.245624,
        "p95": 3.586588,
        "max": 7.484472
      },
      "adversarial": {
        "mean": 3.736917,
        "std": 1.551979,
        "min": -0.663871,
        "p05": 1.142653,
        "p25": 2.636751,
        "p50": 3.749274,
        "p75": 4.798164,
        "p95": 6.295832,
        "max": 8.383498
      }
    },
    "base_attack_success": 607,
    "base_attack_success_rate": 0.607,
    "detector_TPR_on_base_success": 0.7414,
    "detector_TPR_on_base_success_CI_95": [
      0.7051,
      0.7746
    ],
    "detected_base_success": 450,
    "missed_base_success": 157
  },
  "PGD": {
    "TPR": 0.971,
    "TPR_CI_95": [
      0.9587,
      0.9797
    ],
    "FPR": 0.093,
    "FPR_CI_95": [
      0.0765,
      0.1126
    ],
    "Precision": 0.9126,
    "F1": 0.9409,
    "TP": 971,
    "FP": 93,
    "FN": 29,
    "TN": 907,
    "n_adv": 1000,
    "n_clean": 1000,
    "per_tier_fpr": {
      "FPR_L1_plus": 0.093,
      "FPR_L2_plus": 0.026,
      "FPR_L3_plus": 0.003,
      "target_L1": 0.1,
      "target_L2": 0.03,
      "target_L3": 0.005,
      "pass_L1": true,
      "pass_L2": true,
      "pass_L3": true
    },
    "clean_level_distribution": {
      "PASS": 907,
      "L2": 23,
      "L1": 67,
      "L3_REJECT": 3
    },
    "adversarial_level_distribution": {
      "L3_REJECT": 754,
      "L2": 161,
      "PASS": 29,
      "L1": 56
    },
    "score_quantiles": {
      "clean": {
        "mean": 0.29627,
        "std": 1.757973,
        "min": -5.220567,
        "p05": -2.330823,
        "p25": -0.76109,
        "p50": 0.165115,
        "p75": 1.245624,
        "p95": 3.586588,
        "max": 7.484472
      },
      "adversarial": {
        "mean": 10.529176,
        "std": 5.557665,
        "min": -0.652478,
        "p05": 3.197833,
        "p25": 6.689304,
        "p50": 9.510421,
        "p75": 13.438893,
        "p95": 20.818004,
        "max": 44.120144
      }
    },
    "base_attack_success": 1000,
    "base_attack_success_rate": 1.0,
    "detector_TPR_on_base_success": 0.971,
    "detector_TPR_on_base_success_CI_95": [
      0.9587,
      0.9797
    ],
    "detected_base_success": 971,
    "missed_base_success": 29
  },
  "Square": {
    "TPR": 0.917,
    "TPR_CI_95": [
      0.8983,
      0.9325
    ],
    "FPR": 0.093,
    "FPR_CI_95": [
      0.0765,
      0.1126
    ],
    "Precision": 0.9079,
    "F1": 0.9124,
    "TP": 917,
    "FP": 93,
    "FN": 83,
    "TN": 907,
    "n_adv": 1000,
    "n_clean": 1000,
    "per_tier_fpr": {
      "FPR_L1_plus": 0.093,
      "FPR_L2_plus": 0.026,
      "FPR_L3_plus": 0.003,
      "target_L1": 0.1,
      "target_L2": 0.03,
      "target_L3": 0.005,
      "pass_L1": true,
      "pass_L2": true,
      "pass_L3": true
    },
    "clean_level_distribution": {
      "PASS": 907,
      "L2": 23,
      "L1": 67,
      "L3_REJECT": 3
    },
    "adversarial_level_distribution": {
      "L2": 507,
      "L1": 171,
      "L3_REJECT": 239,
      "PASS": 83
    },
    "score_quantiles": {
      "clean": {
        "mean": 0.29627,
        "std": 1.757973,
        "min": -5.220567,
        "p05": -2.330823,
        "p25": -0.76109,
        "p50": 0.165115,
        "p75": 1.245624,
        "p95": 3.586588,
        "max": 7.484472
      },
      "adversarial": {
        "mean": 5.332274,
        "std": 1.786458,
        "min": -0.339088,
        "p05": 2.245901,
        "p25": 4.143088,
        "p50": 5.452879,
        "p75": 6.617978,
        "p95": 8.09741,
        "max": 10.003184
      }
    },
    "base_attack_success": 994,
    "base_attack_success_rate": 0.994,
    "detector_TPR_on_base_success": 0.9175,
    "detector_TPR_on_base_success_CI_95": [
      0.8988,
      0.933
    ],
    "detected_base_success": 912,
    "missed_base_success": 82
  },
  "AutoAttack": {
    "TPR": 1.0,
    "FPR": 0.093,
    "Precision": 0.9149,
    "F1": 0.9556,
    "TP": 1000,
    "FP": 93,
    "FN": 0,
    "TN": 907,
    "n_adv": 1000,
    "n_clean": 1000,
    "per_tier_fpr": {
      "FPR_L1_plus": 0.093,
      "FPR_L2_plus": 0.026,
      "FPR_L3_plus": 0.003,
      "target_L1": 0.1,
      "target_L2": 0.03,
      "target_L3": 0.005,
      "pass_L1": true,
      "pass_L2": true,
      "pass_L3": true
    },
    "clean_level_distribution": {
      "PASS": 907,
      "L2": 23,
      "L1": 67,
      "L3_REJECT": 3
    },
    "adversarial_level_distribution": {
      "L3_REJECT": 994,
      "L2": 5,
      "L1": 1
    },
    "TPR_CI_95": [
      0.9962,
      1.0
    ],
    "FPR_CI_95": [
      0.0765,
      0.1126
    ],
    "base_attack_success": 1000,
    "base_attack_success_rate": 1.0,
    "detector_TPR_on_base_success": 1.0,
    "detector_TPR_on_base_success_CI_95": [
      0.9962,
      1.0
    ],
    "detected_base_success": 1000,
    "missed_base_success": 0,
    "attack_generation": {
      "engine": "autoattack",
      "version": "standard",
      "eps": 0.031373,
      "base_attack_success": 1000,
      "base_attack_success_rate": 1.0
    },
    "score_quantiles": {
      "clean": {
        "mean": 0.29627,
        "std": 1.757973,
        "min": -5.220567,
        "p05": -2.330823,
        "p25": -0.76109,
        "p50": 0.165115,
        "p75": 1.245624,
        "p95": 3.586588,
        "max": 7.484472
      },
      "adversarial": {
        "mean": 24.759047,
        "std": 9.779127,
        "min": 3.436948,
        "p05": 11.631371,
        "p25": 17.596125,
        "p50": 22.918142,
        "p75": 30.833236,
        "p95": 42.853521,
        "max": 66.131889
      }
    }
  },
  "_meta": {
    "n_test": 1000,
    "n_actual": 1000,
    "dataset": "cifar10",
    "eval_split": "CIFAR10 test idx 8000-9999",
    "calibration_split": "CIFAR10 test idx 5000-6999",
    "validation_split": "CIFAR10 test idx 7000-7999",
    "seed": 42,
    "eps_linf": 0.03137254901960784,
    "eps_note": "8/255 = standard RobustBench/AutoAttack convention",
    "attacks": [
      "FGSM",
      "PGD",
      "Square",
      "AutoAttack"
    ],
    "attack_params": {
      "FGSM": {
        "eps_linf": 0.03137254901960784
      },
      "PGD": {
        "eps_linf": 0.03137254901960784,
        "eps_step": 0.00784313725490196,
        "max_iter": 40,
        "num_random_init": 1
      },
      "Square": {
        "eps_linf": 0.03137254901960784,
        "max_iter": 5000,
        "nb_restarts": 1
      },
      "CW": {
        "max_iter": 40,
        "binary_search_steps": 5,
        "engine": "torch"
      },
      "AutoAttack": {
        "eps_linf": 0.03137254901960784,
        "version": "standard"
      }
    },
    "latency": {
      "skipped": true
    },
    "latency_skipped": true,
    "device": "cuda",
    "ensemble": {
      "use_dct": true,
      "use_grad_norm": false,
      "use_softmax_entropy": true,
      "use_logit_profile_features": true,
      "logit_profile_feature_count": 8,
      "use_stability_features": true,
      "stability_feature_count": 8,